"accuracy","balanced_accuracy","precision","recall","sensitivity","specificity","f1","roc_auc","pr_auc","model","threshold_type","threshold"
0.9,0.905094905094905,0.954887218045113,0.888111888111888,0.888111888111888,0.922077922077922,0.920289855072464,0.947961129779311,0.975499493106748,"DR-GLMNET","Youden",0.55089252203393
0.940909090909091,0.93056943056943,0.945205479452055,0.965034965034965,0.965034965034965,0.896103896103896,0.955017301038062,0.967487058396148,0.983058489185114,"DR-RF","Youden",0.628701984126984
0.936363636363636,0.921078921078921,0.932885906040268,0.972027972027972,0.972027972027972,0.87012987012987,0.952054794520548,0.963309417854872,0.975855611811413,"DR-BART","Youden",0.36458294557963
0.9,0.902097902097902,0.948148148148148,0.895104895104895,0.895104895104895,0.909090909090909,0.920863309352518,0.947961129779311,0.975499493106748,"DR-GLMNET","Default0.5",0.5
0.931818181818182,0.917582417582418,0.932432432432432,0.965034965034965,0.965034965034965,0.87012987012987,0.948453608247423,0.967487058396148,0.983058489185114,"DR-RF","Default0.5",0.5
0.931818181818182,0.917582417582418,0.932432432432432,0.965034965034965,0.965034965034965,0.87012987012987,0.948453608247423,0.963309417854872,0.975855611811413,"DR-BART","Default0.5",0.5
