{
  "internal_cv_metrics": {
    "best_model": "WeightedEnsemble_L2_FULL",
    "score_val": 0.9285185002222991
  },
  "test_metrics": {
    "accuracy": 0.9357541899441341,
    "precision": 0.8333333333333334,
    "recall": 0.3225806451612903,
    "sensitivity": 0.3225806451612903,
    "f1": 0.46511627906976744,
    "specificity": 0.9938837920489296,
    "roc_auc": 0.916444707507152,
    "pr_auc": 0.6370873970822735
  },
  "n_train": 1430,
  "n_test": 358,
  "n_features": 33
}