"model","theta","ci_lower","ci_upper"
"DR-GLMNET",-14.0287463752896,-21.153762749447,-6.90373000113227
